{
  "epoch": [
    1,
    2,
    3,
    4,
    5,
    6,
    7,
    8,
    9,
    10,
    11,
    12,
    13,
    14,
    15,
    16,
    17,
    18,
    19,
    20,
    21,
    22,
    23,
    24,
    25,
    26,
    27,
    28,
    29,
    30,
    31,
    32
  ],
  "train_loss": [
    2.813902925042545,
    2.703052049524644,
    2.6698465487536263,
    2.645911174661973,
    2.628165475059958,
    2.616008797813864,
    2.6047584701986874,
    2.5951626889845905,
    2.5875555543338553,
    2.5800002771265365,
    2.577034902572632,
    2.571280159669764,
    2.5661323126624613,
    2.5607331247890697,
    2.5528147248660815,
    2.5476241308100085,
    2.544753512214212,
    2.5406202232136446,
    2.5365686164182777,
    2.5313770799075854,
    2.526778984069824,
    2.519996270011453,
    2.5170767054838294,
    2.512712024239933,
    2.5119630841647878,
    2.506723673203412,
    2.5023913018843706,
    2.5014618593103743,
    2.497134208679199,
    2.494561156104593,
    2.49053336872774,
    2.4894591640023624
  ],
  "val_rmse": [
    0.9922664165496826,
    0.989968478679657,
    0.9934868812561035,
    1.0070810317993164,
    1.0485683679580688,
    1.0787259340286255,
    1.086586356163025,
    1.08953857421875,
    1.0679954290390015,
    1.0700569152832031,
    1.0623782873153687,
    1.0580812692642212,
    1.0647131204605103,
    1.0559568405151367,
    1.0625553131103516,
    1.0659412145614624,
    1.0638314485549927,
    1.0657331943511963,
    1.0671058893203735,
    1.0641456842422485,
    1.0666061639785767,
    1.0739158391952515,
    1.073695182800293,
    1.0716650485992432,
    1.0748391151428223,
    1.0737627744674683,
    1.075003981590271,
    1.075925588607788,
    1.0756877660751343,
    1.0768871307373047,
    1.0783835649490356,
    1.079918384552002
  ],
  "val_mae": [
    0.5253152847290039,
    0.528449535369873,
    0.5388874411582947,
    0.5629702210426331,
    0.6127924919128418,
    0.641337513923645,
    0.6518381237983704,
    0.6534187197685242,
    0.6408529877662659,
    0.6404972672462463,
    0.6403237581253052,
    0.6326572895050049,
    0.6418557167053223,
    0.6371070742607117,
    0.6409743428230286,
    0.6439518332481384,
    0.6436503529548645,
    0.6461690068244934,
    0.6503199338912964,
    0.644173800945282,
    0.6477054357528687,
    0.6568021774291992,
    0.6551623344421387,
    0.6548237800598145,
    0.6560631394386292,
    0.65607088804245,
    0.6575288772583008,
    0.6571213006973267,
    0.658393144607544,
    0.6606175303459167,
    0.6596847176551819,
    0.6611649990081787
  ],
  "val_pearson_r": [
    -0.006393616937275902,
    0.0007800894341071083,
    -0.0013083510379413173,
    -0.006987589271516231,
    -0.011933212581029157,
    -0.009924165455294568,
    -0.007469422049155775,
    -0.004879272571318133,
    -0.002887776977618142,
    -0.0006863410277372228,
    0.0008115374411728573,
    0.001445796418772781,
    -0.005092752192746616,
    -0.0025719907679151253,
    -0.0018668991097915155,
    0.001284266660695985,
    -0.002425049222397281,
    0.0017780604619468292,
    0.0034682999341904114,
    0.00433983630197647,
    0.0018078559177978968,
    0.0008799122692598204,
    0.0004190811469758473,
    0.0020416597053321047,
    -0.0025192826632298685,
    -0.004915871736050926,
    -0.0039049490671508817,
    -0.0037214136341322183,
    -0.0048599822740376325,
    -0.003420494046448467,
    -0.0038223615147292,
    -0.005238388715961143
  ]
}