{
  "epoch": [
    1,
    2,
    3,
    4,
    5,
    6,
    7,
    8,
    9,
    10,
    11,
    12,
    13,
    14,
    15,
    16,
    17,
    18,
    19,
    20,
    21
  ],
  "train_loss": [
    2.7139135024126837,
    2.6384077072143555,
    2.6282910178689396,
    2.6140732512754554,
    2.600160466923433,
    2.5875464186948887,
    2.5803160246680763,
    2.561749121722053,
    2.5411884279812083,
    2.528902670916389,
    2.5205353961271397,
    2.5105375065523035,
    2.5054657599505257,
    2.4956298800075754,
    2.4800560839035932,
    2.469636058807373,
    2.463982551238116,
    2.4635308770572437,
    2.451042023827048,
    2.446175193786621,
    2.4445297325358673
  ],
  "val_rmse": [
    0.9869268536567688,
    0.9872511029243469,
    1.0043647289276123,
    1.0458576679229736,
    1.06784188747406,
    1.0447829961776733,
    1.033286690711975,
    1.0549482107162476,
    1.043121337890625,
    1.0512866973876953,
    1.059269666671753,
    1.0568703413009644,
    1.0458608865737915,
    1.059287667274475,
    1.0621752738952637,
    1.0653538703918457,
    1.074059009552002,
    1.0657938718795776,
    1.0700496435165405,
    1.0791065692901611,
    1.0710158348083496
  ],
  "val_mae": [
    0.5437624454498291,
    0.538291871547699,
    0.5538162589073181,
    0.5930560827255249,
    0.6027973294258118,
    0.5908443927764893,
    0.5948113203048706,
    0.6173186302185059,
    0.6038989424705505,
    0.6165889501571655,
    0.6196187734603882,
    0.6098049879074097,
    0.6067083477973938,
    0.6252747178077698,
    0.6228578686714172,
    0.6312440037727356,
    0.6329778432846069,
    0.6321826577186584,
    0.6441614031791687,
    0.6443252563476562,
    0.6383146643638611
  ],
  "val_pearson_r": [
    -0.0024143845270332377,
    0.002730404774296217,
    0.0131016525131458,
    -0.003692152708528111,
    -0.003741272871412552,
    -0.00508093727384554,
    -0.0009512944829431608,
    -0.010978860120082964,
    -0.01271666074063133,
    -0.009310285431451433,
    -0.016119689887814665,
    -0.008607315665112596,
    -0.0006329597060274915,
    -0.023146228912453194,
    -0.020472611946451676,
    -0.026045625699919705,
    -0.027203746865389997,
    -0.021225532251421757,
    -0.027005701583092113,
    -0.03208361514911659,
    -0.026385298469867213
  ]
}