{
  "epoch": [
    1,
    2,
    3,
    4,
    5,
    6,
    7,
    8,
    9,
    10,
    11,
    12,
    13,
    14,
    15,
    16,
    17,
    18,
    19,
    20,
    21
  ],
  "train_loss": [
    2.7962917664471796,
    2.586702495462754,
    2.5606281757354736,
    2.5353294933543484,
    2.5163104029262766,
    2.510289559644811,
    2.4982451130362118,
    2.4878758598776423,
    2.4809461453381707,
    2.474988774692311,
    2.468906977597405,
    2.4640185832977295,
    2.461634557387408,
    2.4524765547584084,
    2.448450206307804,
    2.444139057047227,
    2.4413783718557918,
    2.4383474406074077,
    2.4320538268369787,
    2.4302189658669864,
    2.4257278217988856
  ],
  "val_rmse": [
    1.0025522708892822,
    1.0351769924163818,
    1.0399036407470703,
    1.0441027879714966,
    1.0521070957183838,
    1.0485496520996094,
    1.0467373132705688,
    1.054344654083252,
    1.054258108139038,
    1.0436697006225586,
    1.040947437286377,
    1.051818609237671,
    1.0535320043563843,
    1.053480863571167,
    1.0544747114181519,
    1.0473661422729492,
    1.0568150281906128,
    1.0488768815994263,
    1.0499143600463867,
    1.053558111190796,
    1.0581220388412476
  ],
  "val_mae": [
    0.5478760600090027,
    0.6074087023735046,
    0.6249030828475952,
    0.6214110851287842,
    0.6328949928283691,
    0.6287214159965515,
    0.6190106272697449,
    0.6378499269485474,
    0.6431864500045776,
    0.6163544058799744,
    0.6238791942596436,
    0.6356956362724304,
    0.6339735388755798,
    0.6321288347244263,
    0.6320643424987793,
    0.6250064969062805,
    0.6451690793037415,
    0.6254523992538452,
    0.628397524356842,
    0.6386272311210632,
    0.6420395374298096
  ],
  "val_pearson_r": [
    -0.026086921267487156,
    -0.02477340913574554,
    -0.037567427433276845,
    -0.04199140728079085,
    -0.04938798179281366,
    -0.0350739821002408,
    -0.04961576242740521,
    -0.03417387319394647,
    -0.031247469035478564,
    -0.02773146209977786,
    -0.014125989494915905,
    -0.020939006352073474,
    -0.013724489913971452,
    -0.017288645198611733,
    -0.014127604092140054,
    -0.009615758852986555,
    -0.007969885114111525,
    -0.010731614823152264,
    -0.011785389097367002,
    -0.008554518029835522,
    -0.012727593285763424
  ]
}