{
  "epoch": [
    1,
    2,
    3,
    4,
    5,
    6,
    7,
    8,
    9,
    10,
    11,
    12,
    13,
    14,
    15,
    16,
    17,
    18,
    19,
    20,
    21,
    22,
    23,
    24,
    25,
    26,
    27,
    28,
    29,
    30,
    31
  ],
  "train_loss": [
    2.91950182353749,
    2.6710784715764664,
    2.5858210142921,
    2.5393782026627485,
    2.5092787321876076,
    2.4798481436336743,
    2.4566774059744443,
    2.4395301201764275,
    2.4263540436239803,
    2.414660896974451,
    2.4023804917055016,
    2.39087155566496,
    2.384493522083058,
    2.375779653997982,
    2.3672680910895854,
    2.3606922458199895,
    2.355963404038373,
    2.3515734279856964,
    2.34993034250596,
    2.3381824886097626,
    2.339857449251063,
    2.3371975001166847,
    2.332814735524795,
    2.3290171174442067,
    2.330091653150671,
    2.326867041868322,
    2.323583715102252,
    2.321870433582979,
    2.3207304926479564,
    2.3187236898085652,
    2.31594664068783
  ],
  "val_rmse": [
    0.9869644641876221,
    0.9871824979782104,
    0.9891291260719299,
    0.9996324777603149,
    1.0163910388946533,
    1.040846824645996,
    1.0574367046356201,
    1.0692347288131714,
    1.0778744220733643,
    1.0849751234054565,
    1.084931492805481,
    1.0837342739105225,
    1.0851244926452637,
    1.083457589149475,
    1.0854535102844238,
    1.0898367166519165,
    1.0910568237304688,
    1.0947954654693604,
    1.0925862789154053,
    1.0949060916900635,
    1.092564582824707,
    1.0958993434906006,
    1.0971041917800903,
    1.101968765258789,
    1.099648118019104,
    1.0996880531311035,
    1.099459171295166,
    1.0990447998046875,
    1.0990591049194336,
    1.098732829093933,
    1.0988065004348755
  ],
  "val_mae": [
    0.5436387658119202,
    0.5416095852851868,
    0.5457780957221985,
    0.5665275454521179,
    0.5908039808273315,
    0.6237706542015076,
    0.640394926071167,
    0.6542938351631165,
    0.6617396473884583,
    0.6712367534637451,
    0.6707208752632141,
    0.6652920842170715,
    0.6634052395820618,
    0.660748302936554,
    0.6648227572441101,
    0.6695560812950134,
    0.670067310333252,
    0.6751751899719238,
    0.671721339225769,
    0.6742607951164246,
    0.6724512577056885,
    0.6746236681938171,
    0.6748899221420288,
    0.6786612868309021,
    0.6762439608573914,
    0.6758284568786621,
    0.6761358976364136,
    0.676136314868927,
    0.676070511341095,
    0.6756628751754761,
    0.6752263307571411
  ],
  "val_pearson_r": [
    -0.004125423172775768,
    -0.004857099477324566,
    -0.009934677132154601,
    -0.015123144140588591,
    -0.005419243326633694,
    -0.0018348942884249349,
    -0.002844643375696973,
    -0.008443683972410488,
    -0.01544133905301595,
    -0.012559643762008507,
    -0.006282617992714614,
    -0.008571019245793138,
    -0.010284453257921445,
    -0.011006504444911205,
    -0.007335612894151945,
    -0.00662108497505112,
    -0.0067320703678355395,
    -0.008778996733526898,
    -0.011490397543928414,
    -0.00947807269113562,
    -0.008742464846464917,
    -0.011520230026128817,
    -0.009857351250057269,
    -0.011881864533552874,
    -0.012577756583372405,
    -0.012437305230688764,
    -0.010927095901486456,
    -0.010708001419424799,
    -0.011796310548339234,
    -0.011578630671753604,
    -0.010293792513553411
  ]
}