{
  "epoch": [
    1,
    2,
    3,
    4,
    5,
    6,
    7,
    8,
    9,
    10,
    11,
    12,
    13,
    14,
    15,
    16,
    17,
    18,
    19,
    20,
    21
  ],
  "train_loss": [
    2.7288715054007135,
    2.6505178816178265,
    2.6407443018520578,
    2.6267153431387507,
    2.6164835060344025,
    2.6076411191154927,
    2.5920150756835936,
    2.576808514314539,
    2.567181878931382,
    2.5598959838642794,
    2.5504133448881263,
    2.5438671757193174,
    2.5312786494984345,
    2.5166939651264864,
    2.5079994538251094,
    2.500696973239674,
    2.4998205717872173,
    2.4878610021927776,
    2.4810599523432115,
    2.466317628411686,
    2.464831831875969
  ],
  "val_rmse": [
    1.005484938621521,
    1.041863203048706,
    1.0244718790054321,
    1.0499428510665894,
    1.0463042259216309,
    1.0684529542922974,
    1.0666831731796265,
    1.0687443017959595,
    1.0521445274353027,
    1.063499927520752,
    1.0721330642700195,
    1.0716543197631836,
    1.070072054862976,
    1.074663758277893,
    1.0854743719100952,
    1.0771617889404297,
    1.0824575424194336,
    1.0772331953048706,
    1.0848957300186157,
    1.0778992176055908,
    1.080365777015686
  ],
  "val_mae": [
    0.5361486077308655,
    0.5644264221191406,
    0.5728869438171387,
    0.6048405766487122,
    0.6197719573974609,
    0.637565016746521,
    0.6314999461174011,
    0.6323378682136536,
    0.6063025593757629,
    0.6265430450439453,
    0.6412875652313232,
    0.633358895778656,
    0.6464536190032959,
    0.6433774828910828,
    0.6626903414726257,
    0.6508714556694031,
    0.6530276536941528,
    0.6471085548400879,
    0.6586496233940125,
    0.6524205207824707,
    0.6530340313911438
  ],
  "val_pearson_r": [
    0.0009528608453359507,
    0.00303002314368597,
    -0.00022205601571338422,
    -0.015127402203748738,
    -0.00785236977702023,
    -0.02676726900871119,
    -0.022922594903491435,
    -0.039022648369357336,
    -0.01723933614610372,
    -0.027024133613439097,
    -0.021811546670102665,
    -0.02143338737125131,
    -0.03674530152531262,
    -0.026282452913431162,
    -0.015461012079599703,
    -0.009424576836518025,
    -0.03709145048450663,
    -0.0265026297893639,
    -0.025601137888801747,
    -0.03264103899370938,
    -0.03458878875335083
  ]
}